user_ID,user_ID_tag,error_expend_history,error_get_history
ice seven zero,#0721,2,0
ice seven zero,#0721,2,0
ice seven zero,#0721,2,0
ice seven zero,#0721,2,0
ice seven zero,#0721,2,0
ice seven zero,#0721,2,0
ice seven zero,#0721,2,0
ice seven zero,#0721,2,0
ice seven zero,#0721,2,0
ice seven zero,#0721,2,0
ice seven zero,#0721,2,0
ice seven zero,#0721,2,0
ice seven zero,#0721,2,0
ice seven zero,#0721,2,0
ice seven zero,#0721,2,0
ice seven zero,#0721,2,0
ice seven zero,#0721,2,0
ice seven zero,#0721,2,0
ice seven zero,#0721,2,0
ice seven zero,#0721,2,0
